<?xml version="1.0"?>
<record_update>
  <sys_module action="INSERT_OR_UPDATE">
    <sys_scope>5094f6cd471602101222962f316d434d</sys_scope>
    <path>x_1313261_my_1_sdk/my-first-sdk-project/0.0.1/src/myfunction.js</path>
    <external_source>false</external_source>
    <content><![CDATA[import { gs } from '@servicenow/glide'

export const showStatusUpdate = function (newStatus, oldStatus) {
    gs.addInfoMessage(`Record updated. Old Status: ${oldStatus}`)
    gs.addInfoMessage(`New Status: ${newStatus}`)
    gs.addErrorMessage("Some test message")
}
]]></content>
  </sys_module>
</record_update>