<?xml version="1.0"?>
<record_update>
  <sys_module action="INSERT_OR_UPDATE">
    <sys_scope>5094f6cd471602101222962f316d434d</sys_scope>
    <path>x_1313261_my_1_sdk/my-first-sdk-project/0.0.1/package.json</path>
    <external_source>false</external_source>
    <content><![CDATA[{
    "name": "my-first-sdk-project",
    "version": "0.0.1",
    "description": "My first SDK application",
    "license": "UNLICENSED",
    "contributors": [],
    "scripts": {
        "build": "now-sdk build",
        "deploy": "now-sdk deploy"
    },
    "now": {
        "scope": "x_1313261_my_1_sdk",
        "scopeId": "5094f6cd471602101222962f316d434d",
        "moduleDir": "src"
    },
    "devDependencies": {
        "@servicenow/glide": "^25.0.3",
        "eslint": "8.50.0",
        "@servicenow/eslint-plugin-sdk-app-plugin": "*"
    }
}]]></content>
  </sys_module>
</record_update>