<?xml version="1.0" encoding="UTF-8"?>
<record_update table="sys_app">
    <sys_app action="INSERT_OR_UPDATE">
        <active>true</active>
        <can_edit_in_studio>true</can_edit_in_studio>
        <enforce_license>none</enforce_license>
        <guided_setup_guid />
        <hide_on_ui>false</hide_on_ui>
        <installed_as_dependency>false</installed_as_dependency>
        <js_level>es_latest</js_level>
        <licensable>true</licensable>
        <license />
        <license_category>none</license_category>
        <license_definition />
        <license_model>none</license_model>
        <logo />
        <menu />
        <package_json>x_1313261_my_1_sdk/my-first-sdk-project/0.0.1/package.json</package_json>
        <name>my-first-sdk-project</name>
        <private>false</private>
        <restrict_table_access>false</restrict_table_access>
        <runtime_access_tracking>permissive</runtime_access_tracking>
        <scope>x_1313261_my_1_sdk</scope>
        <scoped_administration>false</scoped_administration>
        <short_description />
        <source>x_1313261_my_1_sdk</source>
        <store_correlation_id />
        <store_url />
        <sys_class_name>sys_app</sys_class_name>
        <sys_code />
        <sys_id>5094f6cd471602101222962f316d434d</sys_id>
        <template />
        <trackable>true</trackable>
        <uninstall_blocked>false</uninstall_blocked>
        <user_role />
        <vendor />
        <vendor_prefix />
        <version>0.0.1</version>
    </sys_app>
</record_update>